date,weight,fat,water,muscle
2017-08-07,113.8,37.7,45.4,36.5
2017-08-14,113.3,37.5,45.5,36.6
2017-08-17,112.8,37.4,45.6,36.6
2017-08-23,112.1,37.3,45.7,36.7
2017-08-30,111.6,37.3,45.7,36.8
2017-09-04,109.8,36.9,46.0,37.0
2017-09-06,108.7,36.6,46.3,37.1
2017-09-08,108.6,36.7,46.1,37.1
2017-09-18,108.1,36.7,46.1,37.2
2017-09-21,107.6,36.5,45.5,37.2
2017-09-25,105.5,35.9,46.7,37.5
2017-09-28,104.9,35.8,46.8,37.6
2017-10-02,104.8,35.8,46.8,37.6
2017-10-05,104.4,36.0,46.7,37.0
2017-10-06,103.2,35.4,47.1,37.8
2017-10-09,103.0,35.4,47.1,37.8
2017-10-12,101.9,35.1,47.3,37.9
2017-10-16,101.5,35.0,47.4,38.0
2017-10-19,100.8,34.9,47.4,38.1
2017-10-23,99.0,34.5,47.8,38.3
2017-10-26,98.1,34.3,47.9,38.5
2017-10-30,97.8,34.2,48.0,38.5
2017-11-02,98.2,34.4,47.8,38.5
2017-11-06,98.3,34.4,47.9,38.4
2017-11-09,97.3,34.0,48.1,38.6
2017-11-13,96.4,33.7,48.3,38.7
2017-11-16,97.2,34.1,48.0,38.6
2017-11-23,95.8,33.7,48.3,38.8
2017-11-27,96.4,33.8,48.3,38.7
2017-11-30,95.1,33.5,48.5,38.9
2017-12-04,95.7,33.4,48.5,38.8
2017-12-07,95.1,33.3,48.6,38.9
2017-12-11,95.2,33.3,48.6,38.9
2017-12-14,94.3,33.0,48.9,39.1
2017-12-18,94.4,33.1,48.8,39.0
2017-12-21,93.1,32.6,49.1,39.2
2017-12-28,93.3,32.9,48.9,39.2
2018-01-04,94.3,33.0,48.8,39.0
2018-01-08,93.4,32.8,49.0,39.1
2018-01-11,93.1,32.8,49.0,39.2
2018-01-15,92.4,32.8,49.0,39.3
2018-01-18,91.5,32.2,49.4,39.5
2018-01-22,91.5,32.6,49.1,39.5
2018-01-25,91.2,32.2,49.4,39.5
2018-01-29,91.6,32.3,49.3,39.5
2018-02-01,90.9,31.9,49.6,39.6
2018-02-05,89.8,31.9,48.8,39.8
2018-02-08,89.5,31.6,49.9,39.8
2018-02-12,89.8,32.1,49.5,39.8
2018-02-15,88.8,31.4,50.0,39.9
2018-02-19,88.9,31.4,50.0,39.9
2018-02-22,88.4,31.4,50.0,40.0
2018-02-26,89.1,31.5,49.9,39.8
2018-03-01,87.6,30.9,50.4,40.2
2018-03-05,87.6,30.8,50.4,40.2
2018-03-08,87.8,31.2,50.2,40.1
2018-03-12,88.5,31.4,50.0,40.0
2018-03-15,89.8,31.7,49.8,39.8
2018-03-19,88.1,31.1,50.2,40.1
2018-03-22,87.4,30.8,50.4,40.2
2018-03-26,87.5,31.1,50.2,40.2
2018-03-29,87.0,30.7,50.5,40.3
2018-04-02,87.2,30.7,50.5,40.2
2018-04-05,87.5,30.9,50.4,40.1
2018-04-16,88.1,31.1,50.2,40.1
2018-04-19,87.6,31.4,50.0,40.2
2018-04-23,87.5,31.2,50.1,40.2
2018-04-26,88.0,31.6,49.8,40.0
2018-04-30,87.0,31.0,50.3,40.3
2018-05-03,88.1,31.7,49.8,40.1
2018-05-07,87.4,31.1,50.2,40.2
2018-05-10,86.1,30.4,50.7,40.4
2018-05-14,86.7,30.6,50.6,40.3
2018-05-17,86.2,30.5,50.7,40.4
2018-05-21,86.7,30.9,50.4,40.3
2018-05-28,86.4,30.4,50.7,40.4
2018-05-31,87.7,30.9,50.4,40.1
2018-06-04,87.8,31.0,49.9,40.1
2018-06-07,86.0,31.0,50.3,40.4
2018-06-11,87.1,30.7,50.5,40.2
2018-06-14,85.1,30.1,50.9,40.6
2018-06-18,86.4,30.6,50.6,40.4
2018-06-21,85.0,30.1,51.0,40.6
2018-06-25,84.8,29.9,51.1,40.7
2018-06-28,84.0,30.0,51.0,40.8
2018-07-02,84.0,30.4,50.8,40.8
2018-07-05,84.2,29.9,51.1,40.7
2018-07-09,84.0,29.6,51.3,40.8
2018-07-12,85.1,30.1,50.9,40.6
2018-07-16,84.2,29.9,51.1,40.8
2018-07-19,84.4,29.8,51.2,40.8
2018-07-23,83.3,29.2,51.6,41.0
2018-07-26,82.7,29.0,51.7,41.1
2018-07-30,83.4,29.5,51.4,40.9
2018-08-02,82.6,29.0,51.8,41.1
2018-08-06,82.8,29.3,51.5,41.0
2018-08-09,81.6,28.8,51.9,41.3
2018-08-13,82.4,29.3,51.5,41.1
2018-08-16,80.5,28.1,52.4,41.5
2018-08-27,81.7,29.0,51.7,41.3
2018-08-30,80.2,28.1,52.4,41.6
2018-09-10,80.3,28.2,52.3,41.6
2018-09-13,78.6,27.5,52.9,42.0
2018-09-17,78.7,27.9,52.6,41.9
2018-09-20,78.8,27.7,52.7,41.9
2018-09-24,79.4,28.0,52.4,41.7
2018-10-01,80.0,27.9,52.5,41.6
2018-10-08,80.1,28.7,52.0,41.6
2018-10-11,78.5,27.4,52.9,42.0
2018-10-22,79.6,28.5,52.1,41.9
2018-10-25,78.9,27.6,52.8,41.9
2018-10-29,78.9,27.8,52.6,41.9
2018-11-02,79.3,28.1,52.4,41.8
2018-11-05,79.2,27.6,52.8,41.8
2018-11-09,78.0,27.1,53.1,42.1
2018-11-12,78.3,27.3,53.0,42.0
2018-11-19,79.7,28.6,52.0,41.7
2018-11-26,79.7,28.6,52.5,41.7
2018-11-29,78.8,27.6,52.8,41.9
2018-12-03,79.3,28.0,52.5,41.8
2018-12-06,78.9,27.6,52.8,41.9
2018-12-10,79.3,27.8,52.7,41.8
2018-12-13,78.5,27.3,53.0,42.0
2018-12-17,80.5,29.6,51.7,41.5
2018-12-20,79.2,27.8,52.6,41.8
2018-12-27,80.3,28.4,52.2,41.6
2018-12-31,79.3,27.8,52.6,41.8
2019-01-07,79.9,27.9,52.6,41.7
2019-01-10,81.0,29.5,51.4,41.4
2019-01-14,80.4,28.4,52.2,41.6
2019-01-17,80.3,28.4,52.2,41.5
2019-01-21,82.8,29.2,51.6,41.1
2019-01-24,81.1,29.0,51.8,41.4
2019-01-28,81.2,28.9,51.8,41.4
2019-01-31,81.3,28.5,52.1,41.3
2019-02-04,80.4,28.3,52.3,41.6
2019-02-07,80.4,28.4,52.2,41.6
2019-02-11,80.2,28.4,52.2,41.6
2019-02-14,79.8,28.2,52.3,41.9
2019-02-18,80.8,28.6,52.1,41.5
2019-02-21,80.2,28.1,52.4,41.6
2019-02-25,80.6,28.7,51.9,41.5
2019-02-28,79.5,28.8,51.9,41.8
2019-03-11,81.8,28.9,51.8,41.2
2019-03-14,81.6,28.9,51.8,41.3
2019-03-21,81.7,29.0,51.8,41.3
2019-03-25,81.9,29.0,51.7,41.2
2019-04-01,81.9,28.9,51.8,41.2
2019-04-04,81.8,29.0,51.8,41.3
2019-04-08,80.2,28.1,52.4,41.6
2019-04-11,81.1,28.8,51.9,41.4
2019-04-15,81.1,28.7,52.0,41.4
2019-04-18,79.9,28.2,52.3,41.7
2019-04-22,80.8,28.4,52.2,41.5
2019-04-25,80.4,28.2,52.4,41.6
2019-05-02,79.9,28.3,52.2,41.7
2019-05-06,80.6,29.0,51.7,41.5
2019-05-09,80.3,29.0,51.7,41.6
2019-05-13,82.0,29.6,51.3,41.0
2019-05-16,80.9,29.3,51.5,41.5
2019-05-20,80.8,28.7,52.0,41.5
2019-05-23,80.8,28.9,51.8,41.5
2019-05-27,79.6,28.2,52.3,41.7
2019-05-30,80.3,28.3,52.3,41.5
2019-06-03,79.9,28.5,52.1,41.7
2019-06-17,81.8,28.9,51.8,41.3
2019-06-20,80.8,28.5,52.2,41.5
2019-06-24,81.0,28.6,52.1,41.4
2019-06-27,80.9,28.6,52.1,41.5
2019-07-01,80.8,28.3,52.3,41.5
2019-07-04,80.8,28.6,52.0,41.5
2019-07-08,81.1,28.8,51.9,41.4
2019-07-11,81.1,28.7,52.0,41.4
2019-07-15,81.0,28.7,52.0,41.4
2019-07-18,81.0,28.5,52.1,41.4
2019-07-22,81.6,28.9,51.9,41.3
2019-07-25,81.4,28.9,51.9,41.4
2019-07-29,82.0,29.0,51.8,41.2
2019-08-01,81.2,28.7,52.0,41.4
2019-08-05,79.7,28.1,52.4,41.7
2019-08-12,81.5,29.0,51.8,41.3
2019-08-15,81.0,28.7,52.0,41.4
2019-08-19,81.3,28.7,52.0,41.3
2019-08-29,80.9,28.8,51.9,41.5
2019-09-02,81.4,28.4,51.9,41.3
2019-09-05,81.1,28.6,52.0,41.4
2019-09-23,79.8,27.8,52.6,41.7
2019-09-30,83.0,29.5,51.4,41.0
2019-10-03,82.7,29.2,51.6,41.1
2019-10-07,82.0,28.9,51.8,41.2
2019-10-10,81.2,28.8,51.9,41.4
2019-10-14,81.6,29.0,51.8,41.3
2019-10-17,80.8,28.7,51.9,41.5
2019-10-24,80.7,28.5,52.1,41.5
2019-10-28,81.1,29.1,51.7,41.4
2019-10-31,81.1,29.5,51.4,41.4
2019-11-04,82.0,29.0,51.8,41.2
2019-11-07,80.1,28.6,52.1,41.6
2019-11-11,80.6,29.2,51.3,41.5
2019-11-14,80.5,28.8,51.9,41.5
2019-11-18,79.2,27.7,52.7,41.8
2019-11-25,81.0,29.0,51.7,41.3
2019-11-28,80.8,28.8,51.9,41.5
2019-12-02,81.2,29.1,51.7,41.4
2019-12-09,82.0,28.9,51.8,41.2
2019-12-12,81.0,29.2,51.6,41.4
2019-12-30,82.1,29.0,51.8,41.2
2020-01-06,81.9,23.2,56.0,40.9
2020-01-09,80.3,22.4,56.6,41.2
2020-01-13,81.6,23.2,56.0,40.9
2020-01-16,80.8,22.8,56.3,41.1
2020-01-20,81.3,23.3,55.9,41.0
2020-01-23,81.0,23.0,56.2,41.0
2020-01-30,81.7,23.2,56.0,40.9
2020-02-06,81.4,23.0,56.2,41.0
2020-02-10,81.8,23.2,56.0,40.9
2020-02-13,81.2,23.0,56.2,41.0
2020-02-17,82.1,23.4,55.9,40.8
2020-02-20,82.6,23.5,55.8,40.7
2020-02-24,82.9,24.1,55.3,40.7
2020-02-27,82.5,24.0,55.4,40.8
2020-03-02,84.0,24.0,55.4,40.5
2020-03-05,82.4,23.8,55.6,40.8
2020-04-03,82.4,23.2,56.0,40.8
2020-04-16,82.3,23.6,55.7,40.8
2020-04-20,81.7,22.9,56.2,40.9
2020-04-23,80.9,22.6,56.5,41.1
2020-05-12,82.2,23.1,56.1,40.8
2020-05-28,81.7,23.9,55.5,40.9
2020-06-02,81.6,22.8,56.3,40.9
2020-06-08,81.9,22.9,56.3,40.9
2020-06-26,81.8,23.1,56.1,40.9
2020-07-01,82.1,23.3,55.9,40.8
2020-07-23,82.7,23.9,55.5,40.7
2020-07-27,82.0,23.1,56.1,40.9
2020-08-03,83.2,24.0,55.4,40.6
2020-08-24,82.0,23.0,56.1,40.9
2020-09-21,86.9,25.3,54.5,39.9
2020-09-24,85.5,24.7,54.9,40.2
2020-09-29,83.6,23.8,55.6,40.5
2020-10-05,84.9,24.6,55.0,40.3
2020-10-19,87.3,25.5,54.3,39.9
2020-12-14,86.7,25.0,54.7,40.0
2020-12-21,86.6,25.1,54.6,40.0
2021-01-04,85.5,24.8,54.8,40.2
2021-01-11,85.6,24.7,54.9,40.2
2021-01-18,84.9,24.4,55.2,40.3
2021-01-25,84.1,24.0,55.4,40.4
2021-02-01,83.8,23.9,55.5,40.5
2021-02-08,83.2,23.7,55.6,40.6
2021-02-15,83.4,23.8,55.6,40.6
2021-02-22,82.7,23.4,55.9,40.7
2021-03-01,84.0,24.0,55.5,40.5
2021-03-22,83.7,23.8,55.6,40.5
2021-04-11,84.5,24.2,55.3,40.4
2021-04-26,85.8,24.8,54.9,40.1
2021-05-05,85.6,24.9,54.8,40.2
2021-05-31,87.2,25.4,54.4,39.9
2021-06-07,87.5,25.4,54.4,39.8
2021-06-14,87.3,25.8,54.1,39.9
2021-06-21,87.3,25.4,54.4,39.9
2021-08-23,88.5,25.9,54.1,39.4
2021-09-06,89.7,26.3,53.7,39.2
2021-09-13,89.6,26.4,53.7,39.2
2021-09-27,88.2,25.8,54.1,39.5
2021-10-04,88.7,25.9,54.0,39.4
2021-10-11,89.3,26.3,53.8,39.3
2021-11-04,89.1,26.1,53.9,39.3
2021-11-22,90.0,26.6,53.5,39.2
2022-01-03,91.6,27.1,53.1,38.9
2022-01-17,91.6,27.3,53.0,38.9
2022-01-20,89.8,26.5,53.6,39.2
2022-01-24,89.4,26.4,53.7,39.3
2022-01-28,89.8,26.5,53.6,39.2
2022-01-31,90.8,26.8,53.4,39.0
2022-02-04,89.1,26.1,53.9,39.3
2022-02-07,89.2,26.2,53.8,39.3
2022-02-11,88.2,25.8,54.1,39.5
2022-02-14,88.6,26.0,54.0,39.4
2022-02-18,88.2,25.8,54.1,39.5
2022-02-21,88.8,26.0,54.0,39.4
2022-02-24,87.5,25.4,54.4,39.6
2022-02-28,87.7,25.5,54.4,39.6
2022-03-07,88.5,25.9,54.0,39.4
2022-03-10,86.5,25.1,54.7,39.8
2022-03-14,87.5,25.5,54.3,39.6
2022-03-18,85.3,24.7,54.9,40.0
2022-03-21,87.3,25.5,54.4,39.6
2022-03-28,86.5,25.2,54.6,39.8
2022-04-01,86.1,25.7,54.2,39.8
2022-04-05,86.9,25.3,54.5,39.7
2022-04-11,87.3,25.5,54.3,39.6
2022-05-02,87.8,25.6,54.3,39.5
2022-06-21,88.6,26.1,53.9,39.4
2022-07-22,88.7,25.9,54.0,39.4
2022-08-08,87.4,25.7,54.2,39.6
2022-08-20,87.2,25.5,54.3,39.6
2022-09-04,87.3,25.6,54.3,39.6
2022-10-05,87.4,25.7,54.2,39.6
2022-10-31,88.3,25.9,54.1,39.5
2022-11-07,90.2,26.6,53.5,39.1
2022-11-14,87.6,25.8,54.1,39.6
2022-11-21,88.8,26.0,53.9,39.4
2022-11-28,86.4,25.4,54.4,39.8
2022-12-05,87.2,25.7,54.2,39.6
2022-12-08,85.9,24.8,54.9,39.9
2022-12-14,86.2,25.2,54.6,39.8
2022-12-21,86.1,25.3,54.5,39.8
2022-12-24,86.0,25.2,54.5,39.9
2023-01-09,87.5,25.7,54.2,39.5
2023-01-12,86.3,25.3,54.5,39.8
2023-01-19,85.9,25.1,54.6,39.9
2023-01-22,86.4,25.1,54.6,39.8
2023-01-26,85.6,24.7,54.9,39.9
2023-01-31,86.5,25.2,54.5,39.8
2023-02-09,85.3,24.8,54.8,40.0
2023-02-13,85.3,24.7,54.9,40.0
2023-02-16,85.2,24.6,55.0,40.0
2023-02-20,84.8,24.4,55.1,40.1
2023-02-23,84.1,24.0,55.4,40.2
2023-02-27,84.5,24.2,55.3,40.1
2023-03-03,83.5,23.9,55.5,40.3
2023-03-06,83.9,24.0,55.4,40.2
2023-03-09,83.6,24.1,55.4,40.3
2023-03-13,83.9,24.0,55.4,40.2
2023-03-16,83.7,23.9,55.5,40.3
2023-03-20,82.9,23.6,55.7,40.4
2023-03-31,82.6,23.4,55.9,40.5
2023-04-06,82.3,23.4,55.9,40.5
2023-04-13,82.1,23.3,55.9,40.6
2023-04-24,82.6,23.4,55.9,40.5
2023-05-08,83.1,23.7,55.6,40.4
2023-05-22,83.6,23.8,55.6,40.3
2023-05-25,82.1,23.2,56.0,40.6
2023-06-08,82.1,23.2,56.0,40.6
2023-06-19,84.5,24.3,55.2,40.1
2023-07-03,84.1,24.0,55.4,40.2
2023-07-24,84.8,24.3,55.2,40.1
2023-07-31,83.3,23.7,55.6,40.4
2023-08-04,82.9,23.6,55.7,40.4
2023-08-07,83.8,24.1,55.3,40.2
2023-08-17,83.4,23.7,55.7,40.3
2023-08-21,84.2,24.0,55.4,40.2
2023-08-24,83.9,24.0,55.4,40.2
2023-08-28,83.6,23.8,55.5,40.3
2023-08-31,82.5,23.4,55.9,40.5
2023-10-08,82.6,23.5,55.8,40.5
2023-10-12,82.2,23.4,55.9,40.6
2023-10-16,82.4,23.6,55.7,40.5
2023-10-19,82.3,23.4,55.9,40.5
2023-10-26,82.2,23.4,55.8,40.6
2023-11-03,83.0,23.7,55.7,40.4
2023-11-07,82.9,23.6,55.8,40.4
2023-11-13,84.0,24.1,55.4,40.2
2023-11-20,84.4,24.2,55.3,40.1
2023-11-27,84.8,24.4,55.1,40.1
2023-12-11,85.7,24.8,54.9,39.9
2023-12-18,83.8,24.1,55.4,40.3
2024-01-02,86.3,25.0,54.7,39.8
2024-01-08,86.6,25.5,54.3,39.7
2024-01-15,87.5,25.5,54.3,39.6
2024-01-22,88.6,26.0,54.0,39.4
2024-01-29,86.7,25.1,54.6,39.7
2024-02-05,88.2,25.7,54.2,39.5
2024-02-12,87.1,25.4,54.4,39.7
2024-02-19,86.3,25.0,54.7,39.8
2024-02-26,86.4,25.1,54.6,39.8
2024-03-03,88.1,25.8,54.1,39.5
2024-03-10,88.0,25.9,54.0,39.5
2024-03-17,87.8,25.7,54.2,39.5
2024-03-24,87.6,25.6,54.3,39.6
2024-04-02,90.0,26.4,53.6,39.2
2024-05-06,90.3,26.8,53.4,39.1
2024-05-13,92.5,27.4,53.0,38.8
2024-05-16,89.7,26.4,53.7,39.2
2024-05-20,91.7,27.1,53.1,38.9
2024-05-23,91.1,26.9,53.3,39.0
2024-05-27,92.0,27.1,53.2,38.8
2024-05-30,91.9,27.2,53.1,38.9
2024-06-03,92.8,27.5,52.9,38.7
2024-06-06,91.5,27.1,53.1,38.9
2024-06-10,92.6,27.5,52.9,38.8
2024-06-13,90.4,26.6,53.5,39.1
2024-06-17,92.0,27.3,53.0,38.8
2024-06-21,91.7,27.0,53.2,38.9
2024-06-24,91.6,27.0,53.2,38.9
2024-06-27,89.9,26.4,53.7,39.2
2024-07-01,91.8,27.2,53.1,38.9
2024-07-04,89.9,26.4,53.7,39.2
2024-07-08,91.0,26.8,53.4,39.0
2024-07-11,89.7,26.3,53.8,39.2
2024-07-15,89.3,26.2,53.8,39.2
2024-07-18,89.1,26.1,53.9,39.3
2024-07-22,89.0,26.1,53.9,39.3
2024-07-24,88.5,25.9,54.0,39.4
2024-07-25,88.1,25.8,54.1,39.5
2024-07-26,87.9,25.7,54.2,39.5
2024-07-29,88.1,25.8,54.1,39.5
2024-07-30,88.0,25.7,54.2,39.5
2024-07-31,87.6,25.5,54.3,39.6
2024-08-01,88.0,25.7,54.2,39.5
2024-08-02,87.8,25.6,54.2,39.5
2024-08-05,87.8,25.6,54.3,39.5
2024-08-07,86.7,25.2,54.5,39.7
2024-08-08,87.1,25.5,54.3,39.7
2024-08-09,86.6,25.2,54.5,39.7
2024-08-12,87.4,25.5,54.3,39.6
2024-08-28,86.5,25.2,54.5,39.8
2024-08-30,85.1,24.6,55.0,40.0
2024-09-02,86.0,25.0,54.7,39.9
2024-09-05,84.8,24.4,55.1,40.1
2024-09-09,85.1,24.6,55.0,40.0
2024-09-11,84.6,24.5,55.1,40.1
2024-09-12,85.1,24.7,54.9,40.0
2024-09-13,84.2,24.1,55.3,40.2
2024-09-16,85.0,24.6,54.9,40.0
2024-09-17,84.2,24.3,55.2,40.2
2024-09-18,84.3,24.3,55.2,40.2
2024-09-19,84.5,24.5,55.0,40.1
2024-09-23,84.8,24.4,55.2,40.1
2024-09-24,83.7,24.0,55.5,40.3
2024-09-25,83.7,24.0,55.4,40.3
2024-09-26,83.4,23.9,55.5,40.3
2024-09-30,83.9,24.2,55.3,40.2
2024-10-02,83.3,24.4,55.1,40.4
2024-10-03,83.0,23.6,55.7,40.4
2024-10-05,83.7,24.0,55.4,40.3
2024-10-07,83.9,24.1,55.4,40.2
2024-10-10,83.0,23.7,55.6,40.4
2024-10-12,83.2,23.8,55.6,40.4
2024-10-15,83.7,24.1,55.4,40.3
2024-10-17,83.0,23.7,55.6,40.4
2024-10-18,81.8,23.1,56.1,40.6
2024-10-21,83.4,23.9,55.5,40.3
2024-10-22,82.6,23.4,55.8,40.5
2024-10-24,82.3,23.4,55.9,40.5
2024-10-28,83.0,23.8,55.5,40.4
2024-10-31,82.4,23.5,55.8,40.5
2024-11-04,83.0,23.9,55.5,40.4
2024-11-07,81.9,23.3,56.0,40.6
2024-11-11,83.0,23.8,55.6,40.4
2024-11-14,82.3,23.4,55.8,40.5
2024-11-18,82.6,23.5,55.8,40.5
2024-11-20,81.9,23.3,55.9,40.6
2024-11-21,81.6,23.1,56.0,40.7
2024-11-23,82.1,23.4,55.9,40.6
2024-11-25,83.0,23.8,55.6,40.4
2024-11-26,82.4,23.6,55.8,40.5
2024-11-27,81.9,23.4,55.9,40.6
2024-11-29,81.5,23.0,56.2,40.7
2024-12-02,82.0,23.4,55.9,40.6
2024-12-05,82.1,23.5,55.8,40.6
2024-12-09,83.0,23.6,55.7,40.4
2024-12-12,81.8,23.1,56.1,40.6
2024-12-14,82.1,23.3,56.0,40.6
2024-12-16,82.3,23.5,55.8,40.5
2024-12-18,81.6,23.1,56.1,40.7
2024-12-19,82.0,23.2,56.0,40.6
2024-12-22,82.4,23.4,55.9,40.5
2024-12-23,82.6,23.4,55.8,40.5
